{
	"title": "Summer",
	"settings": {
		"color": {
			"palette": [
				{
					"color": "#F2874C",
					"name": "Primary",
					"slug": "primary"
				},
				{
					"color": "#252525",
					"name": "Foreground",
					"slug": "foreground"
				},
				{
					"color": "#D8C566",
					"name": "Background",
					"slug": "background"
				},
				{
					"color": "#E9E0B1",
					"name": "Tertiary",
					"slug": "tertiary"
				},
				{
					"color": "#F2874C",
					"name": "Secondary",
					"slug": "secondary"
				}
			]
		}
	},
	"version": 2,
	"$schema": "https://schemas.wp.org/trunk/theme.json"
}