{
	"title": "Winter",
	"settings": {
		"color": {
			"palette": [
				{
					"color": "#3998AC",
					"name": "Primary",
					"slug": "primary"
				},
				{
					"color": "#11202E",
					"name": "Foreground",
					"slug": "foreground"
				},
				{
					"color": "#C2DEEA",
					"name": "Background",
					"slug": "background"
				},
				{
					"color": "#D8EBF3",
					"name": "Tertiary",
					"slug": "tertiary"
				},
				{
					"color": "#3998AC",
					"name": "Secondary",
					"slug": "secondary"
				}
			]
		}
	},
	"version": 2,
	"$schema": "https://schemas.wp.org/trunk/theme.json"
}